-- phpMyAdmin SQL Dump
-- version 4.9.0.1
-- https://www.phpmyadmin.net/
--
-- 主機： 127.0.0.1
-- 產生時間： 
-- 伺服器版本： 10.4.6-MariaDB
-- PHP 版本： 7.3.8

SET SQL_MODE = "NO_AUTO_VALUE_ON_ZERO";
SET AUTOCOMMIT = 0;
START TRANSACTION;
SET time_zone = "+00:00";


/*!40101 SET @OLD_CHARACTER_SET_CLIENT=@@CHARACTER_SET_CLIENT */;
/*!40101 SET @OLD_CHARACTER_SET_RESULTS=@@CHARACTER_SET_RESULTS */;
/*!40101 SET @OLD_COLLATION_CONNECTION=@@COLLATION_CONNECTION */;
/*!40101 SET NAMES utf8mb4 */;

--
-- 資料庫： `property`
--

-- --------------------------------------------------------

--
-- 資料表結構 `asetitem`
--

CREATE TABLE `asetitem` (
  `Aset_id` int(11) NOT NULL COMMENT 'aset_id',
  `BANK` varchar(255) COLLATE utf8_unicode_ci NOT NULL COMMENT '銀行名稱',
  `NTD` varchar(255) COLLATE utf8_unicode_ci NOT NULL COMMENT '幣別',
  `Item` varchar(255) COLLATE utf8_unicode_ci NOT NULL COMMENT '項目',
  `Amount` int(20) NOT NULL COMMENT '金額',
  `Rate` int(10) NOT NULL COMMENT '利率',
  `Pdate` date NOT NULL COMMENT '付款日',
  `Edate` date NOT NULL COMMENT '到期日',
  `Mark` varchar(255) COLLATE utf8_unicode_ci NOT NULL COMMENT '備註',
  `member_id` int(11) NOT NULL COMMENT '會員id'
) ENGINE=InnoDB DEFAULT CHARSET=utf8 COLLATE=utf8_unicode_ci;

--
-- 傾印資料表的資料 `asetitem`
--

INSERT INTO `asetitem` (`Aset_id`, `BANK`, `NTD`, `Item`, `Amount`, `Rate`, `Pdate`, `Edate`, `Mark`, `member_id`) VALUES
(28, '822 中國信託商業銀行', 'TWD 新台幣', '現金活存', 20000, 0, '2019-08-31', '2020-08-31', '我要存一年', 25),
(29, '004 臺灣銀行', 'TWD 新台幣', '現金定存', 100000, 0, '2019-08-01', '2019-09-01', '我的聚餐費', 25),
(30, '012 台北富邦商業銀行', 'USD 美元', '保險', 1000, 0, '2019-09-06', '2019-12-31', '旅遊費', 25),
(32, '004 臺灣銀行', 'TWD 新台幣', '現金活存', 200, 0, '2019-09-18', '2019-08-10', '', 25),
(33, '011 上海商業儲蓄銀行', 'TWD 新台幣', '現金定存', 8000, 0, '2019-08-03', '2019-08-17', '買車', 25),
(36, '004 臺灣銀行', 'HKD 港幣', '投資', 800, 0, '2019-08-31', '2019-09-06', '賺學費', 30),
(37, '009 彰化商業銀行', 'TWD 新台幣', '保險', 200000, 3, '2019-08-02', '2023-08-01', '儲蓄定存4年期', 28),
(38, '004 臺灣銀行', 'TWD 新台幣', '現金活存', 27000, 0, '2019-08-01', '2019-08-31', '薪資', 28),
(39, '806 元大商業銀行', 'USD 美元', '現金定存', 80000, 2, '2019-08-31', '2020-08-31', '要付保險用', 28),
(40, '004 臺灣銀行', 'USD 美元', '投資', 1000, 0, '2019-09-04', '2019-08-31', '123', 25),
(41, '016 高雄銀行', 'TWD 新台幣', '保險', 100000, 0, '2019-08-24', '2019-09-30', '旅遊險', 25),
(42, '009 彰化商業銀行', 'TWD 新台幣', '投資', 100000, 0, '2019-09-12', '2019-10-01', '台積電股票', 25),
(44, '004 臺灣銀行', 'TWD 新台幣', '現金活存', 888888, 1, '2019-08-20', '2019-08-21', '這個programmer好兇', 33);

-- --------------------------------------------------------

--
-- 資料表結構 `bank`
--

CREATE TABLE `bank` (
  `bank_id` varchar(255) COLLATE utf8_unicode_ci NOT NULL COMMENT '銀行代碼',
  `bank_name` varchar(255) COLLATE utf8_unicode_ci NOT NULL COMMENT '銀行名稱'
) ENGINE=InnoDB DEFAULT CHARSET=utf8 COLLATE=utf8_unicode_ci;

--
-- 傾印資料表的資料 `bank`
--

INSERT INTO `bank` (`bank_id`, `bank_name`) VALUES
('004', '臺灣銀行'),
('005', '臺灣土地銀行'),
('006', '合作金庫商業銀行'),
('007', '第一商業銀行'),
('008', '華南商業銀行'),
('009', '彰化商業銀行'),
('011', '上海商業儲蓄銀行'),
('012', '台北富邦商業銀行'),
('013', '國泰世華商業銀行'),
('015', '中國輸出入銀行'),
('016', '高雄銀行'),
('017', '兆豐國際商業銀行'),
('020', '日商瑞穗銀行'),
('021', '花旗(台灣)商業銀行'),
('022', '美商美國銀行'),
('023', '泰國盤谷銀行'),
('025', '菲律賓首都銀行'),
('028', '美商美國紐約梅隆銀行'),
('029', '新加坡大華銀行'),
('030', '美商道富銀行'),
('037', '法國興業銀行'),
('039', '澳商澳盛銀行'),
('048', '王道商業銀行'),
('050', '臺灣中小企業銀行'),
('052', '渣打國際商業銀行'),
('053', '台中商業銀行'),
('054', '京城商業銀行'),
('060', '兆豐票券金融公司'),
('061', '中華票券金融公司'),
('062', '國際票券金融公司'),
('063', '大中票券金融公司'),
('065', '台灣票券金融公司'),
('066', '萬通票券金融公司'),
('072', '德商德意志銀行'),
('075', '香港商東亞銀行'),
('076', '美商摩根大通銀行'),
('078', '新加坡商星展銀行'),
('081', '滙豐(台灣)商業銀行'),
('082', '法商法國巴黎銀行'),
('083', '英商渣打銀行'),
('085', '新加坡商新加坡華僑銀行'),
('086', '法商東方匯理銀行'),
('092', '瑞士商瑞士銀行'),
('093', '荷蘭商安智銀行'),
('097', '美商富國銀行'),
('098', '日商三菱日聯銀行'),
('101', '瑞興商業銀行'),
('102', '華泰商業銀行'),
('103', '臺灣新光商業銀行'),
('104', '台北市第五信用合作社'),
('108', '陽信商業銀行'),
('114', '基隆第一信用合作社'),
('115', '基隆市第二信用合作社'),
('118', '板信商業銀行'),
('119', '淡水第一信用合作社'),
('120', '新北市淡水信用合作社'),
('124', '宜蘭信用合作社'),
('127', '桃園信用合作社'),
('130', '新竹第一信用合作社'),
('132', '新竹第三信用合作社'),
('146', '台中市第二信用合作社'),
('147', '三信商業銀行'),
('158', '彰化第一信用合作社'),
('161', '彰化第五信用合作社'),
('162', '彰化第六信用合作社'),
('163', '彰化第十信用合作社'),
('165', '彰化縣鹿港信用合作社'),
('178', '嘉義市第三信用合作社'),
('188', '臺南第三信用合作社'),
('204', '高雄市第三信用合作社'),
('215', '花蓮第一信用合作社'),
('216', '花蓮第二信用合作社'),
('222', '澎湖縣第一信用合作社'),
('223', '澎湖第二信用合作社'),
('224', '金門縣信用合作社'),
('24478209', '國際連股份有限公司'),
('24706576', '橘子支行動支付股份有限公司'),
('251', '華南金融控股公司'),
('252', '富邦金融控股公司'),
('253', '中華開發金融控股公司'),
('254', '國泰金融控股公司'),
('255', '中國信託金融控股公司'),
('256', '永豐金融控股公司'),
('257', '玉山金融控股公司'),
('258', '元大金融控股公司'),
('259', '台新金融控股公司'),
('260', '新光金融控股公司'),
('261', '兆豐金融控股公司'),
('262', '第一金融控股公司'),
('263', '日盛金融控股公司'),
('264', '國票金融控股公司'),
('265', '臺灣金融控股公司'),
('266', '合作金庫金融控股公司'),
('321', '日商三井住友銀行'),
('324', '美商花旗銀行'),
('325', '香港上海滙豐銀行'),
('326', '西班牙商西班牙對外銀行'),
('328', '法商法國外貿銀行'),
('372', '大慶票券金融公司'),
('375', '合作金庫票券金融公司'),
('380', '大陸商中國銀行股份有限公司'),
('381', '大陸商交通銀行股份有限公司'),
('382', '大陸商中國建設銀行股份有限公司'),
('390', '悠遊卡股份有限公司'),
('391', '一卡通票證股份有限公司'),
('392', '愛金卡股份有限公司'),
('393', '遠鑫電子票證股份有限公司'),
('52799857', '街口電子支付股份有限公司公司'),
('53538851', '歐付寶電子支付(股)公司'),
('54352706', '簡單行動支付股份有限公司'),
('803', '聯邦商業銀行'),
('805', '遠東國際商業銀行'),
('806', '元大商業銀行'),
('807', '永豐商業銀行'),
('808', '玉山商業銀行'),
('809', '凱基商業銀行'),
('810', '星展(台灣)商業銀行'),
('812', '台新國際商業銀行'),
('815', '日盛國際商業銀行'),
('816', '安泰商業銀行'),
('822', '中國信託商業銀行'),
('956', '財團法人聯合信用卡處理中心'),
('957', '美商維信國際威士卡有限公司台灣分公司'),
('958', '新加坡商萬事達卡股份有限公司台灣分公司'),
('959', '台灣威士卡股份有限公司'),
('960', '台灣樂天信用卡股份有限公司'),
('975', '台灣美國運通國際(股)公司'),
('978', '台灣永旺信用卡(股)公司'),
('979', '香港商台灣環滙亞太信用卡(股)公司台灣分公司'),
('980', '台灣吉世美國際股份有限公司'),
('R020000', '加拿大蒙特利爾銀行在臺代表人辦事處'),
('R050000', '德商德國商業銀行在臺代表人辦事處'),
('R120000', '菲律賓商金融銀行股份有限公司臺北代表人辦事處'),
('R140000', '瑞典商瑞典商業銀行在臺代表人辦事處'),
('R170000', '香港商恒生銀行在臺代表人辦事處'),
('R200000', '美商美國國泰銀行在臺代表人辦事處'),
('R220000', '美商美西銀行在臺代表人辦事處'),
('R240000', '美商華美銀行在臺代表人辦事處'),
('R250000', '越南投資發展銀行代表人辦事處'),
('R260000', '日商福岡銀行在臺代表人辦事處'),
('R270000', '日商秋田銀行在臺代表人辦事處'),
('R280000', '日商鹿兒島銀行在臺代表人辦事處'),
('S551000', '永豐金證券股份有限公司'),
('S585000', '統一綜合證券股份有限公司'),
('S592000', '元富證券股份有限公司'),
('S600000', '日盛證券股份有限公司'),
('S650000', '國泰綜合證券股份有限公司'),
('S700000', '兆豐證券股份有限公司'),
('S910000', '群益金鼎證券股份有限公司'),
('S920000', '凱基證券股份有限公司'),
('S930000', '華南永昌綜合證券股份有限公司'),
('S960000', '富邦證券股份有限公司'),
('S980000', '元大證券股份有限公司'),
('S990000', '富邦證券股份有限公司');

-- --------------------------------------------------------

--
-- 資料表結構 `member`
--

CREATE TABLE `member` (
  `member_id` int(11) NOT NULL COMMENT '會員id',
  `account` varchar(255) COLLATE utf8_unicode_ci NOT NULL COMMENT '帳號',
  `password` varchar(255) COLLATE utf8_unicode_ci NOT NULL COMMENT '密碼',
  `nick_name` varchar(255) COLLATE utf8_unicode_ci NOT NULL COMMENT '暱稱'
) ENGINE=InnoDB DEFAULT CHARSET=utf8 COLLATE=utf8_unicode_ci;

--
-- 傾印資料表的資料 `member`
--

INSERT INTO `member` (`member_id`, `account`, `password`, `nick_name`) VALUES
(1, 'test01', 'test01', 'Ada'),
(23, '123', '123', '123'),
(24, '456', '456', '456'),
(25, 'ada106066', 'ada106066', 'ADA'),
(28, 'ada', 'ada', 'ada'),
(29, 'Betty', 'Betty', 'Betty'),
(30, 'lulu', 'lulu', 'lulu'),
(33, 'terry', '111', 'terry'),
(34, 'terry', '111', 'terry');

-- --------------------------------------------------------

--
-- 資料表結構 `ntd`
--

CREATE TABLE `ntd` (
  `ntd_id` int(10) UNSIGNED NOT NULL COMMENT 'id',
  `cry_name` varchar(255) COLLATE utf8_unicode_ci NOT NULL COMMENT '國家名稱',
  `ntd_name` varchar(255) COLLATE utf8_unicode_ci NOT NULL COMMENT '貨幣名稱',
  `code` varchar(255) COLLATE utf8_unicode_ci NOT NULL COMMENT '代碼',
  `symbol` varchar(255) COLLATE utf8_unicode_ci NOT NULL COMMENT '符號',
  `code_o` int(10) NOT NULL COMMENT '原代號'
) ENGINE=InnoDB DEFAULT CHARSET=utf8 COLLATE=utf8_unicode_ci;

--
-- 傾印資料表的資料 `ntd`
--

INSERT INTO `ntd` (`ntd_id`, `cry_name`, `ntd_name`, `code`, `symbol`, `code_o`) VALUES
(1, '美國', '美元', 'USD', 'US$', 1),
(2, '香港', '港幣', 'HKD', 'HK$', 2),
(3, '馬來西亞', '馬來西亞林吉特', 'MYR', 'M$', 4),
(4, '比利時', '比利時法郎', 'BEF', 'BFR', 6),
(5, '加拿大', '加幣', 'CAD', 'CA$', 7),
(6, '法國', '法國法郎', 'FRF', 'FR', 9),
(7, '義大利', '義大利里拉', 'ITL', 'LR', 10),
(8, '菲律賓', '菲律賓比索', 'PHP', 'P', 11),
(9, '德國', '德國馬克', 'DEM', 'DM', 15),
(10, '日本', '日圓', 'JPY', 'Y', 16),
(11, '瑞士', '瑞士法郎', 'CHF', 'SFR', 17),
(12, '瑞典', '瑞典克郎', 'SEK', 'SKR', 18),
(13, '中華民國', '新台幣', 'TWD', 'NT$', 20),
(14, '澳大利亞', '澳幣', 'AUD', 'A$', 21),
(15, '紐西蘭', '紐西蘭幣', 'NZD', 'NZ$', 22),
(16, '新加坡', '新加坡幣', 'SGD', 'S$', 25),
(17, '西班牙', '西班牙比塞塔', 'ESP', 'PTA', 26),
(18, '丹麥', '丹麥克郎', 'DKK', 'DKR', 27),
(19, '印度', '印度盧比', 'INR', 'RS', 28),
(20, '挪威', '挪威克郎', 'NOK', 'NKR', 29),
(21, '荷蘭', '荷蘭盾', 'NLG', 'DFL', 31),
(22, '芬蘭', '芬蘭馬克', 'FIM', 'FIM', 32),
(23, '沙烏地阿拉伯', '沙烏地里亞爾', 'SAR', 'SRL', 37),
(24, '泰國', '銖', 'THB', 'BT', 40),
(25, '印尼', '印尼盧比', 'IDR', 'RP', 41),
(26, '南非', '蘭特', 'ZAR', 'RND', 42),
(27, '奧地利', '先令', 'ATS', 'AUS', 50),
(28, '英國', '英鎊', 'GBP', 'L', 77),
(29, '愛爾蘭', '愛爾蘭鎊', 'IEP', 'IEP', 78),
(30, '歐洲', '歐元', 'EUR', 'EUR', 80),
(31, '澳門', '澳門幣', 'MOP', 'MOP', 82),
(32, '墨西哥', '墨西哥比索', 'MXN', 'MXN', 83),
(33, '波蘭', '茲羅提', 'PLN', 'PLN', 84),
(34, '捷克', '捷克克郎', 'CZK', 'CZK', 85),
(35, '土耳其', '新土耳其里拉', 'TRY', 'TRY', 86),
(36, '匈牙利', '富林特', 'HUF', 'HUF', 87),
(37, '越南', '越南盾', 'VND', 'VND', 88),
(38, '中國大陸', '元人民幣', 'CNY', 'CNY', 89);

--
-- 已傾印資料表的索引
--

--
-- 資料表索引 `asetitem`
--
ALTER TABLE `asetitem`
  ADD PRIMARY KEY (`Aset_id`);

--
-- 資料表索引 `bank`
--
ALTER TABLE `bank`
  ADD PRIMARY KEY (`bank_id`);

--
-- 資料表索引 `member`
--
ALTER TABLE `member`
  ADD PRIMARY KEY (`member_id`);

--
-- 資料表索引 `ntd`
--
ALTER TABLE `ntd`
  ADD PRIMARY KEY (`ntd_id`);

--
-- 在傾印的資料表使用自動遞增(AUTO_INCREMENT)
--

--
-- 使用資料表自動遞增(AUTO_INCREMENT) `asetitem`
--
ALTER TABLE `asetitem`
  MODIFY `Aset_id` int(11) NOT NULL AUTO_INCREMENT COMMENT 'aset_id', AUTO_INCREMENT=46;

--
-- 使用資料表自動遞增(AUTO_INCREMENT) `member`
--
ALTER TABLE `member`
  MODIFY `member_id` int(11) NOT NULL AUTO_INCREMENT COMMENT '會員id', AUTO_INCREMENT=35;

--
-- 使用資料表自動遞增(AUTO_INCREMENT) `ntd`
--
ALTER TABLE `ntd`
  MODIFY `ntd_id` int(10) UNSIGNED NOT NULL AUTO_INCREMENT COMMENT 'id', AUTO_INCREMENT=39;
COMMIT;

/*!40101 SET CHARACTER_SET_CLIENT=@OLD_CHARACTER_SET_CLIENT */;
/*!40101 SET CHARACTER_SET_RESULTS=@OLD_CHARACTER_SET_RESULTS */;
/*!40101 SET COLLATION_CONNECTION=@OLD_COLLATION_CONNECTION */;
